{
    "model_name": "MultinomialNB",
    "timestamp": "2025-04-20 22:18:25",
    "dataset": "WELFake_stylo_feats",
    "metrics": {
        "accuracy": 0.641288226569673,
        "best_accuracy": 0.6414294794830143,
        "best_alpha": 10.0,
        "confusion_matrix": [
            [
                3395,
                3611
            ],
            [
                1468,
                5685
            ]
        ],
        "classification_report": {
            "0": {
                "precision": 0.698128727123175,
                "recall": 0.48458464173565513,
                "f1-score": 0.5720785238857528,
                "support": 7006.0
            },
            "1": {
                "precision": 0.6115533562822719,
                "recall": 0.7947714245771005,
                "f1-score": 0.6912274302389203,
                "support": 7153.0
            },
            "macro avg": {
                "precision": 0.6548410417027235,
                "recall": 0.6396780331563778,
                "f1-score": 0.6316529770623365,
                "support": 14159.0
            },
            "weighted avg": {
                "precision": 0.6543916250944315,
                "recall": 0.641288226569673,
                "f1-score": 0.6322714843451218,
                "support": 14159.0
            }
        }
    },
    "feature_importance": {
        "has_quotes": 0.21254545645516565,
        "has_url": 0.15891907546468964,
        "percent_uppercase": -0.11183996918152239,
        "frequency_punctuation": -0.3558561980581638,
        "percent_whitespace": -0.2797045057168539,
        "frequency_words_length_15": 0.15385482533202577,
        "frequency_words_length_14": -0.4500002021488587,
        "frequency_words_length_12": -0.381611762204896,
        "frequency_words_length_11": -0.40990065658572306,
        "avg_sentence_length": -0.24785694044856044
    }
}