{
    "model_name": "MultinomialNB with CBOW-W2V (custom encoding)",
    "timestamp": "2025-04-21 00:36:35",
    "best_alpha": 0.001,
    "best_cv_score": 0.5034784752079908,
    "k_fold_cv_scores": {
        "mean": 0.5034783879055139,
        "std": 0.0027525469303842343,
        "individual_folds": [
            0.5035755275006621,
            0.5065772049086255,
            0.5053412200935817,
            0.5033989582413702,
            0.4984990287833304
        ]
    },
    "test_metrics": {
        "accuracy": 0.5121830637756903,
        "confusion_matrix": [
            [
                0,
                6907
            ],
            [
                0,
                7252
            ]
        ],
        "classification_report": {
            "0": {
                "precision": 0.0,
                "recall": 0.0,
                "f1-score": 0.0,
                "support": 6907.0
            },
            "1": {
                "precision": 0.5121830637756903,
                "recall": 1.0,
                "f1-score": 0.6774088085563496,
                "support": 7252.0
            },
            "accuracy": 0.5121830637756903,
            "macro avg": {
                "precision": 0.25609153188784517,
                "recall": 0.5,
                "f1-score": 0.3387044042781748,
                "support": 14159.0
            },
            "weighted avg": {
                "precision": 0.2623314908186529,
                "recall": 0.5121830637756903,
                "f1-score": 0.34695731899503124,
                "support": 14159.0
            }
        }
    }
}