{
    "model_name": "MultinomialNB with bow_embedding",
    "timestamp": "2025-04-21 19:17:59",
    "best_alpha": 0.001,
    "best_cv_score": 0.5558218311170695,
    "k_fold_cv_scores": {
        "mean": 0.5558218566414614,
        "std": 0.0010898040419001916,
        "individual_folds": [
            0.5542774982027319,
            0.5557153127246586,
            0.5576769451989135,
            0.5559194759546253,
            0.555520051126378
        ]
    },
    "test_metrics": {
        "accuracy": 0.6620289855072464,
        "confusion_matrix": [
            [
                4568,
                0
            ],
            [
                2332,
                0
            ]
        ],
        "classification_report": {
            "0": {
                "precision": 0.6620289855072464,
                "recall": 1.0,
                "f1-score": 0.7966515521450994,
                "support": 4568.0
            },
            "1": {
                "precision": 0.0,
                "recall": 0.0,
                "f1-score": 0.0,
                "support": 2332.0
            },
            "accuracy": 0.6620289855072464,
            "macro avg": {
                "precision": 0.3310144927536232,
                "recall": 0.5,
                "f1-score": 0.3983257760725497,
                "support": 6900.0
            },
            "weighted avg": {
                "precision": 0.4382823776517538,
                "recall": 0.6620289855072464,
                "f1-score": 0.5274064188693933,
                "support": 6900.0
            }
        }
    }
}