{
    "model_name": "MultinomialNB with w2v_embedding",
    "timestamp": "2025-04-21 19:18:06",
    "best_alpha": 0.001,
    "best_cv_score": 0.5883180460730844,
    "k_fold_cv_scores": {
        "mean": 0.5884937891688544,
        "std": 0.0018955295979679434,
        "individual_folds": [
            0.5847911175013979,
            0.5889448038980749,
            0.5899504713212973,
            0.5889918517335038,
            0.5897907013899985
        ]
    },
    "test_metrics": {
        "accuracy": 0.6082608695652174,
        "confusion_matrix": [
            [
                4088,
                480
            ],
            [
                2223,
                109
            ]
        ],
        "classification_report": {
            "0": {
                "precision": 0.6477578830613215,
                "recall": 0.8949211908931699,
                "f1-score": 0.7515396635720195,
                "support": 4568.0
            },
            "1": {
                "precision": 0.18505942275042445,
                "recall": 0.046740994854202404,
                "f1-score": 0.07463197535090722,
                "support": 2332.0
            },
            "accuracy": 0.6082608695652174,
            "macro avg": {
                "precision": 0.416408652905873,
                "recall": 0.47083109287368613,
                "f1-score": 0.4130858194614634,
                "support": 6900.0
            },
            "weighted avg": {
                "precision": 0.49137921502581255,
                "recall": 0.6082608695652174,
                "f1-score": 0.5227644854659856,
                "support": 6900.0
            }
        }
    }
}