{
    "model_name": "MultinomialNB with CBOW-W2V (custom encoding)",
    "timestamp": "2025-04-21 18:00:41",
    "best_alpha": 0.001,
    "best_cv_score": 0.5558218311170695,
    "k_fold_cv_scores": {
        "mean": 0.5558218566414614,
        "std": 0.0010898040419001916,
        "individual_folds": [
            0.5542774982027319,
            0.5557153127246586,
            0.5576769451989135,
            0.5559194759546253,
            0.555520051126378
        ]
    },
    "test_metrics": {
        "accuracy": 0.5259420289855072,
        "confusion_matrix": [
            [
                2956,
                1612
            ],
            [
                1659,
                673
            ]
        ],
        "classification_report": {
            "0": {
                "precision": 0.6405200433369448,
                "recall": 0.6471103327495622,
                "f1-score": 0.6437983229881302,
                "support": 4568.0
            },
            "1": {
                "precision": 0.29452954048140045,
                "recall": 0.2885934819897084,
                "f1-score": 0.2915312973792506,
                "support": 2332.0
            },
            "accuracy": 0.5259420289855072,
            "macro avg": {
                "precision": 0.4675247919091726,
                "recall": 0.46785190736963533,
                "f1-score": 0.46766481018369044,
                "support": 6900.0
            },
            "weighted avg": {
                "precision": 0.5235852820819985,
                "recall": 0.5259420289855072,
                "f1-score": 0.5247422789707523,
                "support": 6900.0
            }
        }
    }
}