{
    "accuracy": 0.6660074864044071,
    "classification_report": {
        "Real": {
            "precision": 0.6946486578902377,
            "recall": 0.5799314872966029,
            "f1-score": 0.6321275768183586,
            "support": 7006.0
        },
        "Fake": {
            "precision": 0.6458483754512635,
            "recall": 0.7503145533342653,
            "f1-score": 0.6941731876091315,
            "support": 7153.0
        },
        "accuracy": 0.6660074864044071,
        "macro avg": {
            "precision": 0.6702485166707506,
            "recall": 0.6651230203154341,
            "f1-score": 0.663150382213745,
            "support": 14159.0
        },
        "weighted avg": {
            "precision": 0.6699951922298109,
            "recall": 0.6660074864044071,
            "f1-score": 0.6634724637444409,
            "support": 14159.0
        }
    }
}