{
    "welfake": {
        "Accuracy:": 0.6463027049932905,
        "Precision:": 0.6202758775372883,
        "Recall:": 0.7732419963651614
    },
    "new": {
        "Accuracy:": 0.6463027049932905,
        "Precision:": 0.6202758775372883,
        "Recall:": 0.7732419963651614
    }
}