{
    "welfake" :{
        "Accuracy": 0.6006070772425912,
        "Precision":0.5307718854250546,
        "Recall": 0.8336043360433605
    },
    
    "test data": {
        "Accuracy": 0.6871155843118459,
        "Precision": 0.7218869994514536,
        "Recall": 0.47551942186088525
    }
}