{
    "tfidf":{

        "welfake" :{
        "Accuracy": 0.7315280773224698,
        "Precision": 0.6885843164469119,
        "Recall": 0.7170731707317073
        },
    
    "test data": {
        "Accuracy": 0.4926086956521739,
        "Precision": 0.3016627078384798,
        "Recall": 0.3812178387650086
        }
    },

    "bow":{

        "welfake" :{
        "Accuracy": 0.6006070772425912,
        "Precision": 0.5307718854250546,
        "Recall": 0.8336043360433605
        },
    
    "test data": {
        "Accuracy": 0.4310144927536232,
        "Precision": 0.2189703808180536,
        "Recall": 0.266295025728988
        }
    },

    "w2v":{
        "welfake" :{
        "Accuracy": 0.6871155843118459,
        "Precision": 0.7218869994514536,
        "Recall": 0.47551942186088525
        },
    
    "test data": {
        "Accuracy": 0.3972463768115942,
        "Precision": 0.2054176072234763,
        "Recall": 0.27315608919382506
        }
    },

    "roBERTa":{
        "welfake" :{
        "Accuracy": 0.625928588545411,
        "Precision": 0.6118110236220472,
        "Recall": 0.4211382113821138
        },
    
    "test data": {
        "Accuracy": 0.5727536231884058,
        "Precision": 0.2471264367816092,
        "Recall": 0.129073756432247
        }
    }
}