{
    "welfake" :{
        "Accuracy": 0.5755349954092803,
        "Precision": 0.7200616095494802,
        "Recall": 0.26142877114497415
    },
    
    "test data": {
        "Accuracy": 0.5127536231884058,
        "Precision": 0.38995726495726496,
        "Recall": 0.782590051457976
    }
}