{
    "accuracy": 0.5755349954092803,
    "classification_report": {
        "Real": {
            "precision": 0.543072132848988,
            "recall": 0.8962318013131602,
            "f1-score": 0.676324859974149,
            "support": 7006.0
        },
        "Fake": {
            "precision": 0.7200616095494802,
            "recall": 0.26142877114497415,
            "f1-score": 0.38358974358974357,
            "support": 7153.0
        },
        "accuracy": 0.5755349954092803,
        "macro avg": {
            "precision": 0.6315668711992342,
            "recall": 0.5788302862290672,
            "f1-score": 0.5299573017819463,
            "support": 14159.0
        },
        "weighted avg": {
            "precision": 0.6324856314603744,
            "recall": 0.5755349954092803,
            "f1-score": 0.5284377007469683,
            "support": 14159.0
        }
    }
}