{
    "accuracy": 0.8201144148598065,
    "classification_report": {
        "Real": {
            "precision": 0.8264753258163714,
            "recall": 0.8055952041107622,
            "f1-score": 0.8159016985905313,
            "support": 7006.0
        },
        "Fake": {
            "precision": 0.8141882673942701,
            "recall": 0.8343352439535859,
            "f1-score": 0.8241386453082925,
            "support": 7153.0
        },
        "accuracy": 0.8201144148598065,
        "macro avg": {
            "precision": 0.8203317966053207,
            "recall": 0.8199652240321741,
            "f1-score": 0.8200201719494119,
            "support": 14159.0
        },
        "weighted avg": {
            "precision": 0.8202680139374752,
            "recall": 0.8201144148598065,
            "f1-score": 0.8200629303069058,
            "support": 14159.0
        }
    }
}