{
    "tfidf":{

        "welfake" :{
        "Accuracy": 0.8674814282290918,
        "Precision": 0.8490634005763689,
        "Recall": 0.8516711833785005
        },
    
    "test data": {
        "Accuracy": 0.5807246376811595,
        "Precision": 0.3419718309859155,
        "Recall": 0.2602915951972556
        }
    },

    "bow":{

        "welfake" :{
        "Accuracy": 0.7101449275362319,
        "Precision": 0.6270627062706271,
        "Recall": 0.39832285115303984
        },
    
    "test data": {
        "Accuracy": 0.902463768115942,
        "Precision": 0.940053050397878,
        "Recall": 0.7598627787307033
        }
    },

    "w2v":{
        "welfake" :{
        "Accuracy": 0.8539819474398914,
        "Precision": 0.844452703958372,
        "Recall": 0.8209575429087624
        },
    
    "test data": {
        "Accuracy": 0.4071014492753623,
        "Precision": 0.22660864159154492,
        "Recall": 0.31260720411663806
        }
    },

    "roBERTa":{
        "welfake" :{
        "Accuracy": 0.9297867241792476,
        "Precision": 0.9359550561797753,
        "Recall": 0.9029810298102982
        },
    
    "test data": {
        "Accuracy": 0.5872463768115942,
        "Precision": 0.427811975377728,
        "Recall": 0.6556603773584906
        }
    }

}