{
    "xgboost":{

        "welfake" :{
        "Accuracy": 0.9766754533109673,
        "Precision": 0.9796889295516926,
        "Recall": 0.9672990063233966,
        "F1": 0.9734545454545455
        },
    
    "test data": {
        "Accuracy": 0.6053623188405797,
        "Precision": 0.4150369404606693,
        "Recall": 0.4095197255574614,
        "F1": 0.4122598748111375
        }
    },

    "voting":{

        "welfake" :{
        "Accuracy": 0.9743589743589743,
        "Precision": 0.9861991794106677,
        "Recall": 0.9553748870822042,
        "F1": 0.9705423511058091
        },
    
    "test data": {
        "Accuracy": 0.5730434782608695,
        "Precision": 0.4125854214123007,
        "Recall": 0.6213550600343053,
        "F1": 0.4958932238193019
        }
    },

    "stacking":{

        "welfake" :{
        "Accuracy": 0.9535106637910377,
        "Precision": 0.93886230728336,
        "Recall": 0.9571815718157182,
        "F1": 0.9479334406870639
        },
    
    "test data": {
        "Accuracy": 0.5668115942028985,
        "Precision": 0.4161347970385499,
        "Recall": 0.6989708404802745,
        "F1": 0.5216834693550968
        }
    }


}