{
    "welfake" :{
        "Accuracy": 0.7913694469948442,
        "Precision": 0.8149092545372731,
        "Recall": 0.7595414511393821,
        "F1": 0.7862518089725036
    },
    
    "test data": {
        "Accuracy": 0.47289855072463766,
        "Precision": 0.2894482090997096,
        "Recall": 0.3846483704974271,
        "F1": 0.3303259068311545
    }
}