{
    "welfake" :{
        "Accuracy": 0.7985733455752525,
        "Precision": 0.8196818789950944,
        "Recall": 0.7708653711729344
    },
    
    "test data": {
        "Accuracy": 0.46144927536231883,
        "Precision": 0.28128950695322374,
        "Recall": 0.3816466552315609
    }
}