{
    "welfake": {
        "Accuracy:": 0.792923229041599,
        "Precision:": 0.807428987618354,
        "Recall:": 0.77491961414791,
        "F1-Score:": 0.7908403481238407
    },
    "after tuing": {
        "Accuracy:": 0.7927819761282576,
        "Precision:": 0.8057689520220321,
        "Recall:": 0.7771564378582413,
        "F1-Score:": 0.7912040990606319
    },
    "test dataset": {
        "Accuracy:": 0.4572463768115942,
        "Precision:": 0.30796412068496876,
        "Recall:": 0.4858490566037736,
        "F1-Score:": 0.37697554483447016
    },
    "feature elimination": {
        "Accuracy:": 0.7466628999223109,
        "Precision:": 0.7511975204282897,
        "Recall:": 0.7454215014679155,
        "F1-Score:": 0.7482983650270156
    },
    "feature elimination test": {
        "Accuracy:": 0.47594202898550725,
        "Precision:": 0.34779516358463725,
        "Recall:": 0.6290737564322469,
        "F1-Score:": 0.4479389312977099
    }
}