{
    "welfake": {
        "Accuracy:": 0.8057352823707964,
        "Precision:": 0.8077762348740329,
        "Recall:": 0.7356820234869015,
        "F1-Score:": 0.7700453857791225
    },
    "after tuing": {
        "Accuracy:": 0.8045371036025242,
        "Precision:": 0.8069582504970179,
        "Recall:": 0.7333333333333333,
        "F1-Score:": 0.7683861807856128
    },
    "test dataset": {
        "Accuracy:": 0.47202898550724637,
        "Precision:": 0.301303425280388,
        "Recall:": 0.4262435677530017,
        "F1-Score:": 0.3530456402060025
    },
    "feature elimination": {
        "Accuracy:": 0.7579678888090103,
        "Precision:": 0.750049910161709,
        "Recall:": 0.6787714543812104,
        "F1-Score:": 0.7126327769347496
    },
    "feature elimination test": {
        "Accuracy:": 0.5139130434782608,
        "Precision:": 0.35930616740088106,
        "Recall:": 0.5596054888507719,
        "F1-Score:": 0.43762575452716296
    }
}