{
    "tfdif": {
        "Accuracy:": 0.9170061506510104,
        "Precision:": 0.9033010405453893,
        "Recall:": 0.9096657633242999,
        "F1-Score:": 0.9064722297236475
    },
    "w2v": {
        "Accuracy:": 0.8769869797907182,
        "Precision:": 0.8601045610239769,
        "Recall:": 0.8619692863595303,
        "F1-Score:": 0.8610359140949287
    },
    "bow": {
        "Accuracy:": 0.9142104001917086,
        "Precision:": 0.8898793917147352,
        "Recall:": 0.9197831978319784,
        "F1-Score:": 0.9045842217484008
    },
    "roBERTa": {
        "Accuracy:": 0.9836248901669462,
        "Precision:": 0.9841933139534884,
        "Recall:": 0.9786811201445348,
        "F1-Score:": 0.9814294773077271
    },
    "tfdif_test": {
        "Accuracy:": 0.5342028985507247,
        "Precision:": 0.35071090047393366,
        "Recall:": 0.444253859348199,
        "F1-Score:": 0.3919788119561105
    },
    "w2v_test": {
        "Accuracy:": 0.4994202898550725,
        "Precision:": 0.346805024576734,
        "Recall:": 0.5445969125214408,
        "F1-Score:": 0.4237570904237571
    },
    "bow_test": {
        "Accuracy:": 0.514927536231884,
        "Precision:": 0.32199228340933006,
        "Recall:": 0.3936535162950257,
        "F1-Score:": 0.35423499903530775
    },
    "roBERTa_test": {
        "Accuracy:": 0.5788405797101449,
        "Precision:": 0.4166666666666667,
        "Recall:": 0.6153516295025729,
        "F1-Score:": 0.4968836565096953
    }
}