{
    "welfake": {
        "Accuracy:": 0.6658662334910658,
        "Precision:": 0.645657926389223,
        "Recall:": 0.7504543548161611,
        "F1-Score:": 0.6941229714876834
    },
    "after tuing": {
        "Accuracy:": 0.6655131012077125,
        "Precision:": 0.6453397474443776,
        "Recall:": 0.7501747518523696,
        "F1-Score:": 0.6938194983191104
    },
    "test dataset": {
        "Accuracy:": 0.5114492753623189,
        "Precision:": 0.3915222384631447,
        "Recall:": 0.8040308747855918,
        "F1-Score:": 0.5266114309787951
    }
}