{
    "accuracy": 0.932834239706194,
    "classification_report": {
        "Real": {
            "precision": 0.9373104145601617,
            "recall": 0.9262061090493863,
            "f1-score": 0.9317251776868404,
            "support": 7006.0
        },
        "Fake": {
            "precision": 0.9285516860143725,
            "recall": 0.9393261568572627,
            "f1-score": 0.9339078462714574,
            "support": 7153.0
        },
        "accuracy": 0.932834239706194,
        "macro avg": {
            "precision": 0.9329310502872672,
            "recall": 0.9327661329533246,
            "f1-score": 0.9328165119791489,
            "support": 14159.0
        },
        "weighted avg": {
            "precision": 0.9328855833370506,
            "recall": 0.932834239706194,
            "f1-score": 0.9328278423090428,
            "support": 14159.0
        }
    }
}